{
    "validation": {
        "dataset": "validation",
        "num_samples": 8175,
        "bleu-1": 0.16667550554511137,
        "bleu-2": 0.09178156617436281,
        "bleu-3": 0.05277788340786574,
        "bleu-4": 0.030033763261919134,
        "meteor": 0.14743015207867036,
        "rouge-1": 0.22076095797217574,
        "rouge-2": 0.06761023417838452,
        "rouge-l": 0.20024892106556055,
        "pubmedbert": 0.9282382803681954
    },
    "test": {
        "dataset": "test",
        "num_samples": 8176,
        "bleu-1": 0.16382652140462034,
        "bleu-2": 0.09016222613456225,
        "bleu-3": 0.051723249340685666,
        "bleu-4": 0.029218211110914587,
        "meteor": 0.1464635147048654,
        "rouge-1": 0.21982393450400814,
        "rouge-2": 0.0670606963371191,
        "rouge-l": 0.1993068691336187,
        "pubmedbert": 0.9288715556078796
    }
}