{
    "validation": {
        "dataset": "validation",
        "num_samples": 8175,
        "bleu-1": 0.15353117276879744,
        "bleu-2": 0.0857253773996504,
        "bleu-3": 0.04966425194381957,
        "bleu-4": 0.028507139669662722,
        "meteor": 0.14606846027158724,
        "rouge-1": 0.22239270737903954,
        "rouge-2": 0.06986701979582541,
        "rouge-l": 0.2027389180090914,
        "pubmedbert": 0.9298134571266055
    },
    "test": {
        "dataset": "test",
        "num_samples": 8176,
        "bleu-1": 0.1527904026013354,
        "bleu-2": 0.08556897864249663,
        "bleu-3": 0.04934907872801113,
        "bleu-4": 0.027920418074774328,
        "meteor": 0.145412272209501,
        "rouge-1": 0.22180108278518537,
        "rouge-2": 0.06988656274073275,
        "rouge-l": 0.20261776408215681,
        "pubmedbert": 0.9298904058879648
    }
}